{"d_model_lf": [8, 16, 32, 64, 128, 256, 512, 1024, 2048, 4096], "times_lf": [0.055355262756347653, 0.05766980648040772, 0.06344339847564698, 0.07381349802017212, 0.09498728513717651, 0.17951050996780396, 0.39367390871047975, 0.9054683446884155, 2.291938269138336, 6.96348522901535], "memory_lf": [446368, 835168, 1618912, 3210976, 6493408, 13451488, 28940512, 66210016, 165914848, 465987808]}