{"seq_len_lf": [8, 16, 32, 64, 128, 256, 512, 1024], "times_lf": [0.03620181083679199, 0.04848812818527222, 0.15018072128295898, 0.2691588044166565, 0.5134282827377319, 0.8223436355590821, 1.4828241229057313, 2.8927067279815675], "memory_lf": [28909792, 28911840, 28915936, 28924128, 28940512, 28973280, 29038816, 29169888]}