{"seq_lens_lf": [8, 16, 32, 64, 128, 256, 512, 1024, 2048, 4096], "times_lf": [1.0787131786346436, 1.638627529144287, 4.276173830032349, 8.49415135383606, 15.771729707717896, 26.025296449661255, 44.0283100605011, 87.64363598823547, 177.02689933776855, 362.0403995513916], "memory_lf": [27727968, 27730016, 27734112, 27742304, 27758688, 27791456, 27856992, 27988064, 28250208, 28774496]}