{"seq_lens_pf": [8, 16, 32, 64, 128, 256, 512, 1024, 2048], "times_pf": [1.5197412967681885, 2.246582269668579, 4.008141040802002, 7.6146321296691895, 15.26424264907837, 31.032604217529297, 63.04170370101929, 125.56096744537354, 250.42221927642822], "memory_pf": [23419904, 23432704, 23458304, 23509504, 23611904, 23816704, 24226304, 25045504, 26683904]}