{"seq_len_pf": [8, 16, 32, 64, 128, 256, 512, 1024], "times_pf": [0.08252331018447875, 0.17077915668487548, 0.2457430601119995, 0.39291720390319823, 0.6200498342514038, 1.154259979724884, 2.212913691997528, 4.36283586025238], "memory_pf": [22871296, 22887680, 22920448, 22985984, 23117056, 23379200, 23903488, 24952064]}