{"d_model_rf": [8, 16, 32, 64, 128, 256, 512, 1024, 2048, 4096], "times_rf": [0.2615210056304932, 0.28160116672515867, 0.28557802438735963, 0.3024343729019165, 0.35894954204559326, 0.49193133115768434, 0.8459172368049621, 2.191066563129425, 7.741557931900024, 26.48436396121979], "memory_rf": [346528, 677472, 1356256, 2781408, 5902048, 13224672, 32195296, 87438048, 267129568, 903336672]}