{"seq_lens_pf": [8, 16, 32, 64, 128, 256, 512, 1024, 2048], "times_pf": [35.123828649520874, 63.463398933410645, 123.2024302482605, 252.29503846168518, 475.43038845062256], "memory_pf": [30242784, 30245984, 30252384, 30265184, 30290784]}