{"seq_lens_tf": [8, 16, 32, 64, 128, 256, 512], "times_tf": [1.1459300518035889, 1.8876171112060547, 3.6664326190948486, 7.712859869003296, 16.700089931488037, 39.08020257949829, 98.12214040756226], "memory_tf": [26277824, 26277824, 26277824, 26277824, 26277824, 26277824, 26277824]}