{"d_model_tf": [8, 16, 32, 64, 128, 256, 512, 1024], "times_tf": [0.13765106201171876, 0.1395304799079895, 0.14947469234466554, 0.200211763381958, 0.29481093883514403, 0.3434764385223389, 0.5458972811698913, 1.2292444586753846], "memory_tf": [301856, 596352, 1191488, 2406336, 4934336, 10383552, 22854848, 54088896]}