{"seq_len_tf": [8, 16, 32, 64, 128, 256, 512, 1024], "times_tf": [0.0808923602104187, 0.0757673978805542, 0.19557162523269653, 0.31376672983169557, 0.5884409785270691, 1.2595057129859923, 3.0015416502952577, 7.801588702201843], "memory_tf": [22854848, 22854848, 22854848, 22854848, 22854848, 22854848, 22854848, 22854848]}